INSERT INTO PART (P_PARTKEY, P_NAME, P_MFGR, P_BRAND, P_TYPE, P_SIZE, P_CONTAINER, P_RETAILPRICE, P_COMMENT) VALUES
(1, 'Tire', 'Manufacturer1', 'Brand1', 'Spare', 18, 'Medium', 100.5, 'All-weather'),
(2, 'Engine Oil', 'Manufacturer2', 'Brand2', 'Oil', 5, 'Bottle', 30.75, 'Synthetic blend'),
(3, 'Brake Pad', 'Manufacturer3', 'Brand3', 'Brake', 8, 'Small', 20.25, 'Long-lasting'),
(4, 'Windshield Wiper', 'Manufacturer1', 'Brand1', 'Wiper', 24, 'Large', 15.0, 'Streak-free'),
(5, 'Air Filter', 'Manufacturer2', 'Brand3', 'Filter', 12, 'Small', 25.0, 'High efficiency'),
(6, 'Battery', 'Manufacturer3', 'Brand1', 'Battery', 30, 'Large', 120.0, 'Long-lasting'),
(7, 'Headlight Assembly', 'Manufacturer1', 'Brand2', 'Light', 16, 'Medium', 150.5, 'High intensity'),
(8, 'Car Cover', 'Manufacturer2', 'Brand1', 'Cover', 10, 'Large', 95.25, 'All-weather protection'),
(9, 'Spark Plug', 'Manufacturer3', 'Brand2', 'Plug', 6, 'Small', 80.75, 'Efficient combustion'),
(10, 'Car Mat', 'Manufacturer1', 'Brand3', 'Mat', 20, 'Small', 50.0, 'Custom fit'),
(11, 'Radiator', 'Manufacturer4', 'Brand4', 'Cooling', 10, 'Small', 200.0, 'Efficient cooling'),
(12, 'Brake Disc', 'Manufacturer5', 'Brand5', 'Brake', 8, 'Medium', 150.75, 'Durable and reliable'),
(13, 'Shock Absorber', 'Manufacturer6', 'Brand6', 'Suspension', 14, 'Large', 180.25, 'Smooth ride'),
(14, 'Air Intake System', 'Manufacturer4', 'Brand4', 'Intake', 12, 'Medium', 300.0, 'Improved performance'),
(15, 'Exhaust System', 'Manufacturer5', 'Brand5', 'Exhaust', 16, 'Large', 280.0, 'Enhanced exhaust flow'),
(16, 'Turbocharger', 'Manufacturer6', 'Brand6', 'Turbo', 12, 'Small', 500.0, 'Increased engine power'),
(17, 'Suspension Spring', 'Manufacturer4', 'Brand4', 'Suspension', 20, 'Large', 120.5, 'Smooth handling'),
(18, 'Transmission Fluid', 'Manufacturer5', 'Brand5', 'Fluid', 5, 'Bottle', 40.25, 'Smooth gear shifts'),
(19, 'Wheel Hub Assembly', 'Manufacturer6', 'Brand6', 'Wheel', 18, 'Medium', 250.75, 'Easy installation'),
(20, 'Car Polish', 'Manufacturer4', 'Brand4', 'Polish', 2, 'Bottle', 15.0, 'Long-lasting shine'),
(21, 'Fuel Pump', 'Manufacturer7', 'Brand7', 'Pump', 6, 'Small', 80.0, 'High flow rate'),
(22, 'Car Jack', 'Manufacturer8', 'Brand8', 'Jack', 28, 'Large', 50.75, 'Heavy-duty construction'),
(23, 'Car Battery Charger', 'Manufacturer9', 'Brand9', 'Charger', 15, 'Medium', 120.25, 'Fast charging'),
(24, 'Car Freshener', 'Manufacturer7', 'Brand7', 'Freshener', 2, 'Bottle', 10.0, 'Long-lasting fragrance'),
(25, 'Car Wash Shampoo', 'Manufacturer8', 'Brand8', 'Shampoo', 5, 'Bottle', 20.0, 'Gentle cleaning'),
(26, 'GPS Navigation System', 'Manufacturer9', 'Brand9', 'Navigation', 8, 'Small', 300.0, 'Accurate directions'),
(27, 'Car Seat Cover', 'Manufacturer7', 'Brand7', 'Cover', 14, 'Large', 70.5, 'Custom fit'),
(28, 'Car Organizer', 'Manufacturer8', 'Brand8', 'Organizer', 10, 'Medium', 40.25, 'Convenient storage'),
(29, 'Car Sunshade', 'Manufacturer9', 'Brand9', 'Sunshade', 18, 'Medium', 90.75, 'UV protection'),
(30, 'Car Emergency Kit', 'Manufacturer7', 'Brand7', 'Kit', 25, 'Large', 150.0, 'Essential tools'),
(31, 'Car Seat Kit', 'Manufacturer10', 'Brand7', 'Kit', 25, 'Large', 150.0, 'Essential tools'),
(32, 'Car Sunshade Shampoo', 'Manufacturer8', 'Brand7', 'Kit', 25, 'Large', 150.0, 'Essential tools'),
(33, 'Car Polish Pump', 'Manufacturer9', 'Brand7', 'Kit', 25, 'Large', 150.0, 'Essential tools');


INSERT INTO REGION (R_REGIONKEY, R_NAME, R_COMMENT) VALUES
(1, 'North', 'Northern region'),
(2, 'South', 'Southern region'),
(3, 'East', 'Eastern region'),
(4, 'West', 'Western region'),
(5, 'Central', 'Central region'),
(6, 'Northeast', 'Northeastern region'),
(7, 'Northwest', 'Northwestern region'),
(8, 'Southeast', 'Southeastern region'),
(9, 'Southwest', 'Southwestern region'),
(10, 'Midwest', 'Midwestern region'),
(11, 'Northeast', 'Northeastern region'),
(12, 'Southwest', 'Southwestern region'),
(13, 'Mid-Atlantic', 'Mid-Atlantic region'),
(14, 'Great Lakes', 'Great Lakes region'),
(15, 'Pacific', 'Pacific region'),
(16, 'Mountain', 'Mountain region'),
(17, 'Plains', 'Plains region'),
(18, 'Southeast', 'Southeastern region'),
(19, 'New England', 'New England region'),
(20, 'Midwest', 'Midwestern region'),
(21, 'Pacific Northwest', 'Northwestern region of the United States'),
(22, 'Rocky Mountains', 'Mountainous region in the Western United States'),
(23, 'Deep South', 'Southern region of the United States known for its rich culture'),
(24, 'Sunbelt', 'Region of the United States known for its warm climate'),
(25, 'Gulf Coast', 'Region along the coast of the Gulf of Mexico'),
(26, 'Great Plains', 'Flat and grassy region in the United States and Canada'),
(27, 'New York Metro', 'Metropolitan area encompassing New York City'),
(28, 'New England', 'Northeastern region comprising six states in the US'),
(29, 'Four Corners', 'Point in the Southwestern United States where four states meet'),
(30, 'Appalachia', 'Region in the Eastern United States known for its Appalachian Mountains');


INSERT INTO NATION (N_NATIONKEY, N_NAME, N_REGIONKEY, N_COMMENT) VALUES
(1, 'USA', 4, 'United States of America'),
(2, 'Germany', 3, 'Federal Republic of Germany'),
(3, 'China', 1, 'People''s Republic of China'),
(4, 'Brazil', 9, 'Federative Republic of Brazil'),
(5, 'India', 3, 'Republic of India'),
(6, 'France', 2, 'French Republic'),
(7, 'Canada', 10, 'Canada'),
(8, 'Australia', 8, 'Commonwealth of Australia'),
(9, 'Russia', 6, 'Russian Federation'),
(10, 'Mexico', 7, 'United Mexican States'),
(11, 'Japan', 15, 'Japan'),
(12, 'United Kingdom', 12, 'United Kingdom'),
(13, 'Italy', 13, 'Italian Republic'),
(14, 'Argentina', 12, 'Argentine Republic'),
(15, 'South Korea', 15, 'Republic of Korea'),
(16, 'Spain', 13, 'Kingdom of Spain'),
(17, 'Sweden', 11, 'Kingdom of Sweden'),
(18, 'Netherlands', 14, 'Netherlands'),
(19, 'Switzerland', 11, 'Swiss Confederation'),
(20, 'Belgium', 14, 'Kingdom of Belgium'),
(21, 'South Africa', 24, 'Republic of South Africa'),
(22, 'South Sudan', 23, 'Republic of South Sudan'),
(23, 'Nigeria', 24, 'Federal Republic of Nigeria'),
(24, 'Egypt', 25, 'Arab Republic of Egypt'),
(25, 'Kenya', 24, 'Republic of Kenya'),
(26, 'Algeria', 24, 'People''s Democratic Republic of Algeria'),
(27, 'Morocco', 24, 'Kingdom of Morocco'),
(28, 'Uganda', 23, 'Republic of Uganda'),
(29, 'Ghana', 24, 'Republic of Ghana'),
(30, 'Ethiopia', 23, 'Federal Democratic Republic of Ethiopia');


INSERT INTO CUSTOMER (C_CUSTKEY, C_NAME, C_ADDRESS, C_NATIONKEY, C_PHONE, C_ACCTBAL, C_MKTSEGMENT, C_COMMENT) VALUES
(1, 'John Doe', '123 Main St', 1, '123-456-7890', 1000.0, 'Individual', 'Frequent buyer'),
(2, 'Jane Smith', '456 Oak Ave', 2, '987-654-3210', 750.5, 'Individual', 'Frequent buyer'),
(3, 'Bob Johnson', '789 Pine Rd', 3, '567-890-1234', 300.75, 'Individual', 'Frequent buyer'),
(4, 'Alice Williams', '345 Cedar Ln', 4, '456-789-0123', 550.25, 'Individual', 'Frequent buyer'),
(5, 'Michael Brown', '567 Maple Dr', 5, '789-012-3456', 890.0, 'Individual', 'Frequent buyer'),
(6, 'Jessica Lee', '789 Elm Ave', 6, '234-567-8901', 430.75, 'Individual', 'Frequent buyer'),
(7, 'William Davis', '234 Oak St', 7, '345-678-9012', 670.25, 'Individual', 'Frequent buyer'),
(8, 'Sophia Wilson', '876 Pine Ln', 8, '456-789-0123', 890.5, 'Individual', 'Frequent buyer'),
(9, 'David Anderson', '543 Cedar Dr', 9, '567-890-1234', 340.0, 'Individual', 'Frequent buyer'),
(10, 'Olivia Martinez', '987 Maple Ave', 10, '678-901-2345', 780.25, 'Individual', 'Frequent buyer'),
(11, 'William Johnson', '567 Elm St', 11, '345-678-9012', 670.25, 'Individual', 'Frequent buyer'),
(12, 'Emily Garcia', '123 Oak Blvd', 12, '456-789-0123', 890.5, 'Individual', 'Frequent buyer'),
(13, 'Daniel Smith', '876 Pine Ave', 13, '567-890-1234', 340.0, 'Individual', 'Frequent buyer'),
(14, 'Sarah Rodriguez', '543 Cedar Ln', 14, '678-901-2345', 780.25, 'Individual', 'Frequent buyer'),
(15, 'Jacob Martinez', '987 Maple Dr', 15, '789-012-3456', 1000.0, 'Individual', 'Frequent buyer'),
(16, 'Isabella Hernandez', '234 Elm St', 16, '123-456-7890', 750.5, 'Individual', 'Frequent buyer'),
(17, 'Michael Lopez', '789 Oak Ave', 17, '987-654-3210', 300.75, 'Individual', 'Frequent buyer'),
(18, 'Mia Gonzalez', '234 Pine Rd', 18, '567-890-1234', 550.25, 'Individual', 'Frequent buyer'),
(19, 'Ethan Perez', '876 Cedar Ln', 19, '456-789-0123', 890.0, 'Individual', 'Frequent buyer'),
(20, 'Ava Wilson', '543 Maple Dr', 20, '678-901-2345', 430.75, 'Individual', 'Frequent buyer'),
(21, 'Christopher Martin', '567 Oak St', 21, '345-678-9012', 750.25, 'Individual', 'Frequent buyer'),
(22, 'Madison Taylor', '123 Pine Ave', 22, '456-789-0123', 900.5, 'Individual', 'Frequent buyer'),
(23, 'Elijah Adams', '876 Cedar Blvd', 23, '567-890-1234', 390.0, 'Individual', 'Frequent buyer'),
(24, 'Avery Thomas', '543 Elm Ln', 24, '678-901-2345', 820.25, 'Individual', 'Frequent buyer'),
(25, 'Amelia Walker', '987 Maple Blvd', 25, '789-012-3456', 1050.0, 'Individual', 'Frequent buyer'),
(26, 'Benjamin Scott', '234 Elm Dr', 26, '123-456-7890', 800.5, 'Individual', 'Frequent buyer'),
(27, 'Chloe Perez', '789 Oak St', 27, '987-654-3210', 350.75, 'Individual', 'Frequent buyer'),
(28, 'Henry Morris', '234 Pine Ave', 28, '567-890-1234', 600.25, 'Individual', 'Frequent buyer'),
(29, 'Evelyn Hill', '876 Cedar Rd', 29, '456-789-0123', 950.0, 'Individual', 'Frequent buyer'),
(30, 'Luke Bailey', '543 Elm Dr', 30, '678-901-2345', 500.75, 'Individual', 'Frequent buyer');


INSERT INTO ORDERS (O_ORDERKEY, O_CUSTKEY, O_ORDERSTATUS, O_TOTALPRICE, O_ORDERDATE, O_ORDERPRIORITY, O_CLERK, O_SHIPPRIORITY, O_COMMENT) VALUES
(1, 1, 'S', 500.25, '2023-10-15', 'High', 'Clerk1', 1, 'Urgent delivery'), /*S => Shipped*/
(2, 2, 'P', 1000.0, '2023-10-20', 'Medium', 'Clerk2', 2, 'Regular order'), /*P => Pending*/
(3, 3, 'C', 300.5, '2023-10-25', 'Low', 'Clerk3', 3, 'Special request'), /*C => Cancelled*/
(4, 4, 'S', 750.0, '2023-10-27', 'High', 'Clerk4', 1, 'Express shipping'),
(5, 5, 'P', 900.25, '2023-10-30', 'Medium', 'Clerk5', 2, 'Standard delivery'),
(6, 6, 'C', 200.5, '2023-11-02', 'Low', 'Clerk6', 3, 'Custom order'),
(7, 7, 'S', 600.75, '2023-11-05', 'High', 'Clerk7', 1, 'Fast shipping'),
(8, 8, 'P', 850.25, '2023-11-08', 'Medium', 'Clerk8', 2, 'Special order'),
(9, 9, 'C', 400.0, '2024-11-11', 'Low', 'Clerk9', 3, 'Customized delivery'),
(10, 10, 'S', 700.0, '2024-11-14', 'High', 'Clerk10', 1, 'Urgent shipping'),
(11, 11, 'S', 600.25, '2024-10-15', 'High', 'Clerk1', 1, 'Urgent delivery'),
(12, 12, 'P', 1100.0, '2024-10-20', 'Medium', 'Clerk2', 2, 'Regular order'),
(13, 13, 'C', 350.5, '2024-10-25', 'Low', 'Clerk3', 3, 'Special request'),
(14, 14, 'S', 800.0, '2018-10-27', 'High', 'Clerk4', 1, 'Express shipping'),
(15, 15, 'P', 950.25, '2022-10-30', 'Medium', 'Clerk5', 2, 'Standard delivery'),
(16, 16, 'C', 250.5, '2023-11-02', 'Low', 'Clerk6', 3, 'Custom order'),
(17, 17, 'S', 700.75, '2023-11-05', 'High', 'Clerk7', 1, 'Fast shipping'),
(18, 18, 'P', 900.25, '2023-11-08', 'Medium', 'Clerk8', 2, 'Special order'),
(19, 19, 'C', 450.0, '2023-11-11', 'Low', 'Clerk9', 3, 'Customized delivery'),
(20, 20, 'S', 750.0, '2023-11-14', 'High', 'Clerk10', 1, 'Urgent shipping'),
(21, 21, 'S', 800.25, '2023-11-15', 'High', 'Clerk1', 1, 'Urgent delivery'),
(22, 22, 'P', 1200.0, '2023-11-20', 'Medium', 'Clerk2', 2, 'Regular order'),
(23, 23, 'C', 400.5, '2023-11-25', 'Low', 'Clerk3', 3, 'Special request'),
(24, 24, 'S', 900.0, '2024-11-27', 'High', 'Clerk4', 1, 'Express shipping'),
(25, 25, 'P', 1050.25, '2023-11-30', 'Medium', 'Clerk5', 2, 'Standard delivery'),
(26, 26, 'C', 300.5, '2023-12-02', 'Low', 'Clerk6', 3, 'Custom order'),
(27, 27, 'S', 850.75, '2023-12-05', 'High', 'Clerk7', 1, 'Fast shipping'),
(28, 28, 'P', 1000.25, '2023-12-08', 'Medium', 'Clerk8', 2, 'Special order'),
(29, 29, 'C', 500.0, '2024-12-11', 'Low', 'Clerk9', 3, 'Customized delivery'),
(30, 30, 'S', 850.0, '20218-12-14', 'High', 'Clerk10', 1, 'Urgent shipping'),
(31, 22, 'P', 1200.0, '2016-11-20', 'Medium', 'Clerk2', 2, 'Regular order'),
(32, 23, 'C', 400.5, '2017-11-25', 'Low', 'Clerk3', 3, 'Special request'),
(33, 24, 'S', 900.0, '2024-11-27', 'High', 'Clerk4', 1, 'Express shipping'),
(34, 25, 'P', 1050.25, '2023-11-30', 'Medium', 'Clerk5', 2, 'Standard delivery'),
(35, 26, 'C', 300.5, '2023-12-02', 'Low', 'Clerk6', 3, 'Custom order'),
(36, 27, 'S', 850.75, '2019-12-05', 'High', 'Clerk7', 1, 'Fast shipping'),
(37, 28, 'P', 1000.25, '2014-12-08', 'Medium', 'Clerk8', 2, 'Special order'),
(38, 29, 'C', 500.0, '2018-12-11', 'Low', 'Clerk9', 3, 'Customized delivery'),
(39, 30, 'S', 850.0, '2020-12-14', 'High', 'Clerk10', 1, 'Urgent shipping');


INSERT INTO SUPPLIER (S_SUPPKEY, S_NAME, S_ADDRESS, S_NATIONKEY, S_PHONE, S_ACCTBAL, S_COMMENT) VALUES
(1, 'Supplier1', '789 Main St', 1, '123-456-7890', 5000.0, 'Reliable supplier'),
(2, 'Supplier2', '456 Oak Ave', 2, '987-654-3210', 3000.5, 'High-quality products'),
(3, 'Supplier3', '123 Pine Rd', 3, '567-890-1234', 2000.75, 'Timely deliveries'),
(4, 'Supplier4', '567 Elm Blvd', 4, '234-567-8901', 4000.25, 'Bulk orders available'),
(5, 'Supplier5', '789 Main St', 11, '123-456-7890', 6000.0, 'Reliable supplier'),
(6, 'Supplier6', '456 Oak Ave', 12, '987-654-3210', 4000.5, 'High-quality products'),
(7, 'Supplier7', '123 Pine Rd', 13, '567-890-1234', 2500.75, 'Timely deliveries'),
(8, 'Supplier8', '567 Elm Blvd', 14, '234-567-8901', 4500.25, 'Bulk orders available'),
(9, 'Supplier9', '789 Main St', 21, '123-456-7890', 5500.0, 'Reliable supplier'),
(10, 'Supplier10', '456 Oak Ave', 22, '987-654-3210', 3500.5, 'High-quality products'),
(11, 'Supplier11', '123 Pine Rd', 23, '567-890-1234', 2400.75, 'Timely deliveries'),
(12, 'Supplier12', '567 Elm Blvd', 24, '234-567-8901', 4200.25, 'Bulk orders available'),
(13, 'Supplier13', '789 Pine Ln', 25, '123-456-7890', 6000.0, 'High-quality materials'),
(14, 'Supplier14', '456 Cedar Dr', 26, '987-654-3210', 4000.5, 'Specialized components'),
(15, 'Supplier15', '123 Elm St', 27, '567-890-1234', 2500.75, 'Global distribution'),
(16, 'Supplier16', '567 Oak Blvd', 28, '234-567-8901', 4500.25, 'Large-scale production'),
(17, 'Supplier17', '876 Pine Rd', 29, '345-678-9012', 3000.0, 'Quick turnaround time'),
(18, 'Supplier18', '234 Cedar Dr', 30, '456-789-0123', 3800.5, 'Responsive customer service'),
(19, 'Supplier19', '987 Elm St', 21, '567-890-1234', 4200.75, 'Diverse product range'),
(20, 'Supplier20', '543 Oak Ave', 22, '678-901-2345', 5200.25, 'Reliable and efficient'),
(21, 'Supplier21', '876 Pine Rd', 23, '789-012-3456', 3500.0, 'Strong supplier network'),
(22, 'Supplier22', '234 Cedar Dr', 24, '890-123-4567', 4800.5, 'High-quality standards'),
(23, 'Supplier23', '789 Elm St', 25, '901-234-5678', 3900.75, 'Global supply chain'),
(24, 'Supplier24', '543 Oak Ave', 26, '012-345-6789', 4400.25, 'Innovative solutions'),
(25, 'Supplier25', '876 Pine Rd', 27, '234-567-8901', 2700.0, 'Efficient logistics'),
(26, 'Supplier26', '234 Cedar Dr', 28, '345-678-9012', 5100.5, 'On-time deliveries'),
(27, 'Supplier27', '789 Elm St', 29, '456-789-0123', 4000.75, 'Cost-effective options'),
(28, 'Supplier28', '543 Oak Ave', 30, '567-890-1234', 4300.25, 'Cutting-edge technology'),
(29, 'Supplier29', '876 Pine Rd', 21, '678-901-2345', 3800.0, 'Environmentally friendly practices'),
(30, 'Supplier30', '234 Cedar Dr', 22, '789-012-3456', 4900.5, 'Robust quality control'),
(31, 'Supplier31', '234 Elm Dr', 22, '789-015-3456', 4900.5, 'Robust quality control'),
(32, 'Supplier32', '239 Oak Pip', 22, '789-018-3456', 4900.5, 'Robust quality control'),
(33, 'Supplier33', '264 Pine Oak', 22, '789-092-3456', 4900.5, 'Robust quality control');



INSERT INTO PARTSUPP (PS_PARTKEY, PS_SUPPKEY, PS_AVAILQTY, PS_SUPPLYCOST, PS_COMMENT) VALUES
(1, 1, 100, 50.0, 'Good availability'),
(2, 2, 50, 100.0, 'Limited availability'),
(3, 3, 200, 30.0, 'High demand'),
(4, 4, 150, 40.0, 'Fast shipping'),
(5, 5, 120, 60.0, 'Good availability'),
(6, 6, 60, 110.0, 'Limited availability'),
(7, 7, 180, 40.0, 'High demand'),
(8, 8, 140, 50.0, 'Fast shipping'),
(9, 9, 100, 50.0, 'Good availability'),
(10, 10, 50, 100.0, 'Limited availability'),
(11, 11, 200, 30.0, 'High demand'),
(12, 12, 150, 40.0, 'Fast shipping'),
(13, 13, 90, 45.0, 'Good availability'),
(14, 14, 40, 95.0, 'Limited availability'),
(15, 15, 220, 25.0, 'High demand'),
(16, 16, 170, 35.0, 'Fast shipping'),
(17, 17, 120, 60.0, 'Good availability'),
(18, 18, 60, 110.0, 'Limited availability'),
(19, 19, 180, 40.0, 'High demand'),
(20, 20, 140, 50.0, 'Fast shipping'),
(21, 21, 130, 50.0, 'Good availability'),
(22, 22, 70, 120.0, 'Limited availability'),
(23, 23, 190, 35.0, 'High demand'),
(24, 24, 160, 45.0, 'Fast shipping'),
(25, 25, 110, 55.0, 'Good availability'),
(26, 26, 50, 130.0, 'Limited availability'),
(27, 27, 200, 30.0, 'High demand'),
(28, 28, 150, 40.0, 'Fast shipping'),
(29, 29, 100, 60.0, 'Good availability'),
(30, 30, 30, 150.0, 'Limited availability'),
(31, 31, 200, 150.0, 'Limited availability'),
(32, 32, 250, 350.0, 'Limited availability'),
(33, 33, 150, 100.0, 'Fast shipping');


INSERT INTO LINEITEM (L_ORDERKEY, L_PARTKEY, L_SUPPKEY, L_LINENUMBER, L_QUANTITY, L_EXTENDEDPRICE, L_DISCOUNT, L_TAX, L_RETURNFLAG, L_LINESTATUS, L_SHIPDATE, L_COMMITDATE, L_RECEIPTDATE, L_SHIPINSTRUCT, L_SHIPMODE, L_COMMENT) VALUES
(1, 1, 1, 1, 10.0, 1000.0, 0.1, 0.05, 'R', 'F', '2023-10-16', '2023-10-17', '2023-10-18', 'Handle with care', 'Air', 'Fragile items'),
(2, 2, 2, 2, 5.0, 1500.0, 0.2, 0.08, 'A', 'S', '2023-10-21', '2023-10-22', '2023-10-23', 'Standard shipping', 'Ship', 'Bulk order'),
(3, 3, 3, 3, 20.0, 800.0, 0.05, 0.02, 'N', 'O', '2023-10-26', '2023-10-27', '2022-10-28', 'Handle with care', 'Air', 'Fragile items'),
(4, 4, 4, 4, 15.0, 1200.0, 0.15, 0.06, 'R', 'F', '2023-10-29', '2023-10-30', '2021-10-31', 'Fragile items', 'Truck', 'Handle with care'),
(5, 5, 5, 5, 8.0, 800.0, 0.08, 0.04, 'N', 'O', '2023-11-16', '2023-11-17', '2020-11-18', 'Handle with care', 'Air', 'Fragile items'),
(6, 6, 6, 6, 4.0, 1200.0, 0.1, 0.03, 'R', 'F', '2023-11-21', '2023-11-22', '2022-11-23', 'Standard shipping', 'Ship', 'Bulk order'),
(7, 7, 7, 7, 18.0, 600.0, 0.05, 0.02, 'A', 'S', '2023-11-26', '2023-11-27', '2021-11-28', 'Handle with care', 'Air', 'Fragile items'),
(8, 8, 8, 8, 12.0, 960.0, 0.12, 0.06, 'N', 'O', '2023-11-29', '2023-11-30', '2020-12-01', 'Fragile items', 'Truck', 'Handle with care'),
(9, 9, 9, 9, 10.0, 1000.0, 0.1, 0.05, 'R', 'F', '2023-12-16', '2023-12-17', '2020-12-18', 'Handle with care', 'Air', 'Fragile items'),
(10, 10, 10, 10, 5.0, 1500.0, 0.2, 0.08, 'A', 'S', '2023-12-21', '2023-12-22', '2019-12-23', 'Standard shipping', 'Ship', 'Bulk order'),
(11, 11, 11, 11, 20.0, 800.0, 0.05, 0.02, 'N', 'O', '2023-12-26', '2023-12-27', '2018-12-28', 'Handle with care', 'Air', 'Fragile items'),
(12, 12, 12, 12, 15.0, 1200.0, 0.15, 0.06, 'R', 'F', '2023-12-29', '2023-12-30', '2017-12-31', 'Fragile items', 'Truck', 'Handle with care'),
(13, 13, 13, 13, 12.0, 1200.0, 0.1, 0.04, 'N', 'O', '2020-01-05', '2022-01-06', '2019-01-07', 'Handle with care', 'Air', 'Fragile items'),
(14, 14, 14, 14, 8.0, 1800.0, 0.15, 0.06, 'R', 'F', '2017-01-10', '2021-01-11', '2017-01-12', 'Standard shipping', 'Ship', 'Bulk order'),
(15, 15, 15, 15, 25.0, 1200.0, 0.08, 0.03, 'A', 'S', '2020-01-15', '2021-01-16', '2016-01-17', 'Handle with care', 'Air', 'Fragile items'),
(16, 16, 16, 16, 20.0, 1500.0, 0.2, 0.05, 'N', 'O', '2024-01-20', '2020-01-21', '2020-01-22', 'Fragile items', 'Truck', 'Handle with care'),
(17, 17, 17, 17, 15.0, 1700.0, 0.12, 0.06, 'R', 'F', '2021-01-25', '2022-01-26', '2016-01-27', 'Handle with care', 'Air', 'Fragile items'),
(18, 18, 18, 18, 10.0, 2400.0, 0.05, 0.02, 'A', 'S', '2018-01-30', '2016-01-31', '2015-02-01', 'Standard shipping', 'Ship', 'Bulk order'),
(19, 19, 19, 19, 30.0, 900.0, 0.15, 0.07, 'N', 'O', '2019-02-05', '2015-02-06', '2015-02-07', 'Fragile items', 'Truck', 'Handle with care'),
(20, 20, 20, 20, 28.0, 1600.0, 0.18, 0.08, 'R', 'F', '2019-02-10', '2016-02-11', '2019-02-12', 'Handle with care', 'Air', 'Fragile items'),
(21, 21, 21, 21, 5.0, 500.0, 0.1, 0.05, 'A', 'S', '2018-02-15', '2020-02-16', '2018-02-17', 'Standard shipping', 'Ship', 'Bulk order'),
(22, 22, 22, 22, 18.0, 1100.0, 0.09, 0.04, 'N', 'O', '2017-02-20', '2020-02-21', '2018-02-22', 'Handle with care', 'Air', 'Fragile items'),
(23, 23, 23, 101, 28.0, 1200.0, 0.15, 0.06, 'R', 'F', '2023-12-29', '2023-12-30', '2017-12-31', 'Fragile items', 'Truck', 'Handle with care'),
(24, 24, 24, 102, 12.0, 1200.0, 0.1, 0.04, 'N', 'O', '2022-01-05', '2021-01-06', '2019-01-07', 'Handle with care', 'Air', 'Fragile items'),
(25, 25, 25, 103, 8.0, 1800.0, 0.15, 0.06, 'R', 'F', '2020-01-10', '2016-01-11', '2017-01-12', 'Standard shipping', 'Ship', 'Bulk order'),
(26, 26, 26, 104, 25.0, 1200.0, 0.08, 0.03, 'A', 'S', '2021-01-15', '2022-01-16', '2019-01-17', 'Handle with care', 'Air', 'Fragile items'),
(27, 27, 27, 105, 20.0, 1500.0, 0.2, 0.05, 'N', 'O', '2017-01-20', '2021-01-21', '2020-01-22', 'Objets fragiles', 'Truck', 'Handle with care'),
(28, 28, 28, 106, 15.0, 1700.0, 0.12, 0.06, 'R', 'F', '2024-01-25', '2022-01-26', '2020-01-27', 'Handle with care', 'Air', 'Fragile items'),
(29, 29, 29, 107, 10.0, 2400.0, 0.05, 0.02, 'A', 'S', '20216-01-30', '2021-01-31', '2021-02-01', 'Standard shipping', 'Ship', 'Bulk order'),
(30, 30, 30, 108, 30.0, 900.0, 0.15, 0.07, 'N', 'O', '2017-02-05', '2020-02-06', '2021-02-07', 'Objets fragiles', 'Truck', 'Handle with care'),
(31, 31, 31, 109, 28.0, 1600.0, 0.18, 0.08, 'R', 'F', '2020-02-10', '2019-02-11', '2023-02-12', 'Handle with care', 'Air', 'Fragile items'),
(32, 32, 32, 110, 5.0, 500.0, 0.1, 0.05, 'A', 'S', '2021-02-15', '2020-02-16', '2018-02-17', 'Standard shipping', 'Ship', 'Bulk order'),
(33, 33, 33, 111, 18.0, 1100.0, 0.09, 0.04, 'N', 'O', '2021-02-20', '2024-02-21', '2022-02-22', 'Handle with care', 'Air', 'Fragile items');